name,pca_weight,rank,pca_weight_male,rank_male,pca_weight_female,rank_female,diff_fvm
Radio,0.1108,28,0.0995,30,0.1477,17,0.04819999999999999
Mobile telephone,0.1522,18,0.1436,19,0.1772,12,0.03359999999999999
Watch,0.1742,11,0.1638,14,0.1972,9,0.033399999999999985
Motorcycle/scooter,0.0077,89,0.0032,98,0.0341,58,0.030899999999999997
Main floor material: cement,0.0859,36,0.0777,38,0.1079,28,0.03019999999999999
