difference,percent
-3,0.001436417405999155
-2,0.040388677651035064
-1,0.23751584283903676
0,0.47046894803548794
1,0.20228136882129277
2,0.038614279678918464
3,0.00819602872834812
4,0.0010984368398817069
