difference,percent
-3,0.0013065064018813691
-2,0.055134570159393784
-1,0.2970995557878234
0,0.4734779200418082
1,0.15338385158087275
2,0.017768487065586622
3,0.001567807682257643
4,0.0002613012803762738
