difference,percent
-3,0.0014985014985014985
-2,0.033341658341658344
-1,0.20904095904095904
0,0.469030969030969
1,0.22564935064935066
2,0.048576423576423576
3,0.011363636363636364
4,0.0014985014985014985
